_id,shana,hodesh,train_trip_cd,first_train_station_nm,last_train_station_nm,rishui_all,rishui_only,bitzua_only,ahuz_bitzua,rank
1591,2015,2,7618,שדרות,הוד השרון,2,0,0,100.0,0.0573088
117861,2024,3,1846,באר שבע מרכז,שדרות,1,0,0,100.0,0.0573088
117772,2024,3,849,שדרות,באר שבע מרכז,1,0,9,100.0,0.0573088
117778,2024,3,855,שדרות,באר שבע מרכז,1,0,9,100.0,0.0573088
117795,2024,3,872,באר שבע מרכז,שדרות,1,0,9,100.0,0.0573088
55464,2019,3,697,תל אביב ההגנה,שדרות,1,0,0,100.0,0.0573088
120836,2024,5,6861,שדרות,באר שבע מרכז,5,0,0,100.0,0.0573088
82806,2021,7,8640,שדרות,אשקלון,0,0,1,,0.0573088
117774,2024,3,851,שדרות,באר שבע מרכז,1,0,9,100.0,0.0573088
117798,2024,3,875,שדרות,באר שבע מרכז,1,0,9,100.0,0.0573088
133752,2025,3,8963,שדרות,באר שבע מרכז,1,0,1,100.0,0.0573088
133756,2025,3,8967,שדרות,באר שבע מרכז,2,0,0,100.0,0.0573088
133758,2025,3,8969,שדרות,באר שבע מרכז,2,0,0,100.0,0.0573088
133765,2025,3,8976,באר שבע מרכז,שדרות,2,0,0,100.0,0.0573088
75187,2020,9,7603,אשקלון,שדרות,1,1,0,0.0,0.0573088
120292,2024,5,857,שדרות,באר שבע מרכז,22,0,0,100.0,0.0573088
133744,2025,3,8955,שדרות,באר שבע מרכז,1,0,1,100.0,0.0573088
133746,2025,3,8957,שדרות,באר שבע מרכז,1,0,1,100.0,0.0573088
133748,2025,3,8959,שדרות,באר שבע מרכז,1,0,1,100.0,0.0573088
133749,2025,3,8960,באר שבע מרכז,שדרות,2,0,0,100.0,0.0573088
133750,2025,3,8961,שדרות,באר שבע מרכז,1,0,1,100.0,0.0573088
133751,2025,3,8962,באר שבע מרכז,שדרות,2,0,0,100.0,0.0573088
133753,2025,3,8964,באר שבע מרכז,שדרות,2,0,0,100.0,0.0573088
133763,2025,3,8974,באר שבע מרכז,שדרות,2,0,0,100.0,0.0573088
1646,2015,2,8638,נתיבות,שדרות,0,0,1,,0.0573088
1477,2015,2,6619,הוד השרון,שדרות,2,0,0,100.0,0.0573088
1589,2015,2,7613,הוד השרון,שדרות,2,0,0,100.0,0.0573088
1479,2015,2,6620,שדרות,הוד השרון,2,0,0,100.0,0.0573088
3034,2015,4,695,שדרות,נתיבות,1,1,0,0.0,0.0573088
119101,2024,4,1845,שדרות,באר שבע צפון,4,0,2,100.0,0.0573088
119423,2024,4,6850,באר שבע מרכז,שדרות,4,0,2,100.0,0.0573088
119432,2024,4,6859,שדרות,באר שבע מרכז,4,0,2,100.0,0.0573088
124387,2024,8,6842,באר שבע מרכז,שדרות,5,0,0,100.0,0.0573088
125877,2024,9,6859,שדרות,באר שבע מרכז,3,0,1,100.0,0.0573088
1088,2015,2,605,הוד השרון,שדרות,10,0,0,100.0,0.0573088
1142,2015,2,650,שדרות,הוד השרון,10,0,0,100.0,0.0573088
1162,2015,2,665,הוד השרון,שדרות,10,0,0,100.0,0.0573088
1171,2015,2,671,הוד השרון,שדרות,10,0,0,100.0,0.0573088
1178,2015,2,676,שדרות,הוד השרון,10,0,0,100.0,0.0573088
1188,2015,2,683,הוד השרון,שדרות,10,0,0,100.0,0.0573088
1085,2015,2,603,הוד השרון,שדרות,10,0,0,100.0,0.0573088
1102,2015,2,614,שדרות,הוד השרון,10,0,0,100.0,0.0573088
1455,2015,2,6604,שדרות,הוד השרון,2,0,0,100.0,0.0573088
1461,2015,2,6608,שדרות,הוד השרון,2,0,0,100.0,0.0573088
1467,2015,2,6612,שדרות,הוד השרון,2,0,0,100.0,0.0573088
1473,2015,2,6616,שדרות,הוד השרון,2,0,0,100.0,0.0573088
1107,2015,2,617,הוד השרון,שדרות,10,0,0,100.0,0.0573088
1114,2015,2,623,הוד השרון,שדרות,10,0,0,100.0,0.0573088
1495,2015,2,6631,הוד השרון,שדרות,2,0,0,100.0,0.0573088
1471,2015,2,6615,הוד השרון,שדרות,2,0,0,100.0,0.0573088
1150,2015,2,657,הוד השרון,שדרות,10,0,0,100.0,0.0573088
1159,2015,2,663,הוד השרון,שדרות,10,0,0,100.0,0.0573088
1105,2015,2,616,שדרות,הוד השרון,10,0,0,100.0,0.0573088
1130,2015,2,638,שדרות,הוד השרון,10,0,0,100.0,0.0573088
117766,2024,3,843,שדרות,באר שבע מרכז,1,0,9,100.0,0.0573088
119002,2024,4,843,שדרות,באר שבע מרכז,22,4,0,81.82,0.0573088
120278,2024,5,843,שדרות,באר שבע מרכז,22,0,0,100.0,0.0573088
339,2015,1,674,שדרות,הוד השרון,21,0,0,100.0,0.0573088
286,2015,1,610,שדרות,הוד השרון,21,0,0,100.0,0.0573088
330,2015,1,665,הוד השרון,שדרות,21,0,0,100.0,0.0573088
348,2015,1,683,הוד השרון,שדרות,21,0,0,100.0,0.0573088
355,2015,1,692,שדרות,הוד השרון,21,0,0,100.0,0.0573088
358,2015,1,695,הוד השרון,שדרות,21,0,0,100.0,0.0573088
128835,2024,12,845,שדרות,באר שבע מרכז,23,0,0,100.0,0.0573088
131694,2025,2,979,שדרות,באר שבע מרכז,1,0,0,100.0,0.0573088
132140,2025,2,6855,שדרות,באר שבע צפון,1,0,0,100.0,0.0573088
120285,2024,5,850,באר שבע מרכז,שדרות,22,0,0,100.0,0.0573088
120290,2024,5,855,שדרות,באר שבע מרכז,22,0,0,100.0,0.0573088
1166,2015,2,668,שדרות,הוד השרון,10,0,0,100.0,0.0573088
1118,2015,2,626,שדרות,הוד השרון,10,0,0,100.0,0.0573088
1593,2015,2,7620,שדרות,הוד השרון,2,0,0,100.0,0.0573088
597,2015,1,6603,הוד השרון,שדרות,5,0,0,100.0,0.0573088
598,2015,1,6604,שדרות,הוד השרון,5,0,0,100.0,0.0573088
601,2015,1,6607,הוד השרון,שדרות,5,0,0,100.0,0.0573088
602,2015,1,6608,שדרות,הוד השרון,5,0,0,100.0,0.0573088
605,2015,1,6611,הוד השרון,שדרות,5,0,0,100.0,0.0573088
606,2015,1,6612,שדרות,הוד השרון,5,0,0,100.0,0.0573088
609,2015,1,6615,הוד השרון,שדרות,5,0,0,100.0,0.0573088
610,2015,1,6616,שדרות,הוד השרון,5,0,0,100.0,0.0573088
613,2015,1,6619,הוד השרון,שדרות,5,0,0,100.0,0.0573088
614,2015,1,6620,שדרות,הוד השרון,5,0,0,100.0,0.0573088
617,2015,1,6623,הוד השרון,שדרות,5,0,0,100.0,0.0573088
618,2015,1,6624,שדרות,הוד השרון,5,0,0,100.0,0.0573088
621,2015,1,6627,הוד השרון,שדרות,5,0,0,100.0,0.0573088
622,2015,1,6628,שדרות,הוד השרון,5,0,0,100.0,0.0573088
625,2015,1,6631,הוד השרון,שדרות,5,0,0,100.0,0.0573088
626,2015,1,6632,שדרות,הוד השרון,5,0,0,100.0,0.0573088
630,2015,1,6636,שדרות,הוד השרון,5,0,0,100.0,0.0573088
1153,2015,2,659,הוד השרון,שדרות,10,0,0,100.0,0.0573088
1157,2015,2,662,שדרות,הוד השרון,10,0,0,100.0,0.0573088
1120,2015,2,629,הוד השרון,שדרות,10,0,0,100.0,0.0573088
1126,2015,2,635,הוד השרון,שדרות,10,0,0,100.0,0.0573088
1092,2015,2,608,שדרות,הוד השרון,10,0,0,100.0,0.0573088
1207,2015,2,697,הוד השרון,שדרות,10,0,0,100.0,0.0573088
1205,2015,2,695,הוד השרון,שדרות,10,0,0,100.0,0.0573088
1180,2015,2,677,הוד השרון,שדרות,10,0,0,100.0,0.0573088
1148,2015,2,656,שדרות,הוד השרון,10,0,0,100.0,0.0573088
1136,2015,2,644,שדרות,הוד השרון,10,0,0,100.0,0.0573088
1453,2015,2,6603,הוד השרון,שדרות,2,0,0,100.0,0.0573088
1459,2015,2,6607,הוד השרון,שדרות,2,0,0,100.0,0.0573088
1465,2015,2,6611,הוד השרון,שדרות,2,0,0,100.0,0.0573088
119102,2024,4,1846,באר שבע מרכז,שדרות,4,0,2,100.0,0.0573088
119022,2024,4,863,שדרות,באר שבע מרכז,22,5,0,77.27,0.0573088
119418,2024,4,6845,שדרות,באר שבע מרכז,4,0,2,100.0,0.0573088
119425,2024,4,6852,באר שבע מרכז,שדרות,4,0,2,100.0,0.0573088
119427,2024,4,6854,באר שבע מרכז,שדרות,4,0,2,100.0,0.0573088
119428,2024,4,6855,שדרות,באר שבע מרכז,4,0,2,100.0,0.0573088
119563,2024,4,7843,שדרות,באר שבע מרכז,4,0,2,100.0,0.0573088
120286,2024,5,851,שדרות,באר שבע מרכז,22,0,0,100.0,0.0573088
120956,2024,5,7841,שדרות,באר שבע מרכז,4,0,0,100.0,0.0573088
123276,2024,7,6857,שדרות,באר שבע מרכז,4,0,0,100.0,0.0573088
124404,2024,8,6859,שדרות,באר שבע מרכז,5,0,0,100.0,0.0573088
126985,2024,10,6859,שדרות,באר שבע מרכז,3,0,2,100.0,0.0573088
131661,2025,2,963,שדרות,באר שבע מרכז,1,0,0,100.0,0.0573088
131668,2025,2,967,שדרות,באר שבע מרכז,1,0,0,100.0,0.0573088
118999,2024,4,840,באר שבע מרכז,שדרות,22,4,0,81.82,0.0573088
119001,2024,4,842,באר שבע מרכז,שדרות,22,4,0,81.82,0.0573088
119013,2024,4,854,באר שבע מרכז,שדרות,22,4,0,81.82,0.0573088
120832,2024,5,6857,שדרות,באר שבע מרכז,5,0,0,100.0,0.0573088
120833,2024,5,6858,באר שבע מרכז,שדרות,5,0,0,100.0,0.0573088
122831,2024,7,855,שדרות,באר שבע מרכז,23,1,0,95.65,0.0573088
51889,2018,11,8694,שדרות,רעננה מערב,0,0,1,,0.0573088
133742,2025,3,8953,שדרות,באר שבע מרכז,2,0,0,100.0,0.0573088
133745,2025,3,8956,באר שבע מרכז,שדרות,2,0,0,100.0,0.0573088
133754,2025,3,8965,שדרות,באר שבע מרכז,1,0,1,100.0,0.0573088
132103,2025,2,6842,באר שבע מרכז,שדרות,1,0,0,100.0,0.0573088
120299,2024,5,864,באר שבע מרכז,שדרות,22,0,0,100.0,0.0573088
119003,2024,4,844,באר שבע מרכז,שדרות,22,4,0,81.82,0.0573088
119010,2024,4,851,שדרות,באר שבע מרכז,22,4,0,81.82,0.0573088
119023,2024,4,864,באר שבע מרכז,שדרות,22,4,0,81.82,0.0573088
119415,2024,4,6842,באר שבע מרכז,שדרות,4,0,2,100.0,0.0573088
118124,2024,3,6859,שדרות,באר שבע מרכז,1,0,0,100.0,0.0573088
122819,2024,7,845,שדרות,באר שבע מרכז,23,0,0,100.0,0.0573088
1111,2015,2,620,שדרות,הוד השרון,10,0,0,100.0,0.0573088
1124,2015,2,632,שדרות,הוד השרון,10,0,0,100.0,0.0573088
1138,2015,2,647,הוד השרון,שדרות,10,0,0,100.0,0.0573088
123273,2024,7,6854,באר שבע מרכז,שדרות,4,0,0,100.0,0.0573088
126001,2024,9,7838,באר שבע מרכז,שדרות,0,0,3,,0.0573088
127086,2024,10,7838,באר שבע מרכז,שדרות,5,1,1,80.0,0.0573088
123275,2024,7,6856,באר שבע מרכז,שדרות,4,0,0,100.0,0.0573088
125862,2024,9,6844,באר שבע מרכז,שדרות,3,0,1,100.0,0.0573088
126970,2024,10,6844,באר שבע מרכז,שדרות,6,0,0,100.0,0.0573088
128096,2024,11,6842,באר שבע מרכז,שדרות,5,0,0,100.0,0.0573088
128098,2024,11,6844,באר שבע מרכז,שדרות,5,0,0,100.0,0.0573088
133757,2025,3,8968,באר שבע מרכז,שדרות,2,0,0,100.0,0.0573088
133760,2025,3,8971,שדרות,באר שבע מרכז,2,0,0,100.0,0.0573088
133761,2025,3,8972,באר שבע מרכז,שדרות,2,0,0,100.0,0.0573088
133767,2025,3,8978,באר שבע מרכז,שדרות,2,0,0,100.0,0.0573088
715,2015,1,7620,שדרות,הוד השרון,5,0,0,100.0,0.0573088
714,2015,1,7618,שדרות,הוד השרון,5,0,0,100.0,0.0573088
713,2015,1,7613,הוד השרון,שדרות,5,0,0,100.0,0.0573088
712,2015,1,7611,הוד השרון,שדרות,5,0,0,100.0,0.0573088
35861,2017,11,8645,שדרות,באר שבע צפון,0,0,1,,0.0573088
117790,2024,3,867,שדרות,באר שבע מרכז,1,0,9,100.0,0.0573088
120288,2024,5,853,שדרות,באר שבע מרכז,22,0,0,100.0,0.0573088
123264,2024,7,6845,שדרות,באר שבע מרכז,4,0,0,100.0,0.0573088
123268,2024,7,6849,שדרות,באר שבע מרכז,4,0,0,100.0,0.0573088
123272,2024,7,6853,שדרות,באר שבע מרכז,4,0,0,100.0,0.0573088
124406,2024,8,6861,שדרות,באר שבע מרכז,5,0,0,100.0,0.0573088
122846,2024,7,869,שדרות,באר שבע מרכז,23,0,0,100.0,0.0573088
122852,2024,7,875,שדרות,באר שבע מרכז,23,0,0,100.0,0.0573088
122829,2024,7,853,שדרות,באר שבע מרכז,23,1,0,95.65,0.0573088
122833,2024,7,856,באר שבע מרכז,שדרות,22,0,0,100.0,0.0573088
122842,2024,7,865,שדרות,באר שבע מרכז,23,0,0,100.0,0.0573088
122844,2024,7,867,שדרות,באר שבע מרכז,23,0,0,100.0,0.0573088
72084,2020,6,669,ראש העין צפון,שדרות,1,1,0,0.0,0.0573088
120375,2024,5,1846,באר שבע מרכז,שדרות,4,0,0,100.0,0.0573088
118111,2024,3,6846,באר שבע מרכז,שדרות,1,0,0,100.0,0.0573088
119419,2024,4,6846,באר שבע מרכז,שדרות,4,0,2,100.0,0.0573088
120821,2024,5,6846,באר שבע מרכז,שדרות,5,0,0,100.0,0.0573088
120825,2024,5,6850,באר שבע מרכז,שדרות,5,0,0,100.0,0.0573088
120828,2024,5,6853,שדרות,באר שבע מרכז,5,0,0,100.0,0.0573088
120829,2024,5,6854,באר שבע מרכז,שדרות,5,0,0,100.0,0.0573088
121711,2024,6,875,שדרות,באר שבע מרכז,21,2,0,90.48,0.0573088
122040,2024,6,6849,שדרות,באר שבע מרכז,4,0,1,100.0,0.0573088
122045,2024,6,6854,באר שבע מרכז,שדרות,4,0,1,100.0,0.0573088
122049,2024,6,6858,באר שבע מרכז,שדרות,4,0,1,100.0,0.0573088
122052,2024,6,6861,שדרות,באר שבע מרכז,4,0,1,100.0,0.0573088
6430,2015,8,697,הוד השרון,שדרות,2,0,0,100.0,0.0573088
71064,2020,3,697,תל אביב מרכז,שדרות,2,2,0,0.0,0.0573088
119433,2024,4,6860,באר שבע מרכז,שדרות,4,0,2,100.0,0.0573088
2615,2015,3,8695,שדרות,נתיבות,0,0,1,,0.0573088
119000,2024,4,841,שדרות,באר שבע מרכז,22,4,0,81.82,0.0573088
119007,2024,4,848,באר שבע מרכז,שדרות,22,4,0,81.82,0.0573088
119030,2024,4,871,שדרות,באר שבע מרכז,22,4,0,81.82,0.0573088
119031,2024,4,872,באר שבע מרכז,שדרות,22,4,0,81.82,0.0573088
120280,2024,5,845,שדרות,באר שבע מרכז,22,0,0,100.0,0.0573088
119012,2024,4,853,שדרות,באר שבע מרכז,22,4,0,81.82,0.0573088
119024,2024,4,865,שדרות,באר שבע מרכז,22,4,0,81.82,0.0573088
119006,2024,4,847,שדרות,באר שבע מרכז,22,4,0,81.82,0.0573088
39499,2018,2,8690,שדרות,הוד השרון,0,0,1,,0.0573088
120304,2024,5,869,שדרות,באר שבע מרכז,22,0,0,100.0,0.0573088
32488,2017,9,697,הוד השרון,שדרות,1,1,0,0.0,0.0573088
118125,2024,3,6860,באר שבע מרכז,שדרות,1,0,0,100.0,0.0573088
119014,2024,4,855,שדרות,באר שבע מרכז,22,4,0,81.82,0.0573088
119015,2024,4,856,באר שבע מרכז,שדרות,22,4,0,81.82,0.0573088
119017,2024,4,858,באר שבע מרכז,שדרות,22,4,0,81.82,0.0573088
119025,2024,4,866,באר שבע מרכז,שדרות,22,4,0,81.82,0.0573088
119032,2024,4,873,שדרות,באר שבע מרכז,22,4,0,81.82,0.0573088
119028,2024,4,869,שדרות,באר שבע מרכז,22,4,0,81.82,0.0573088
1648,2015,2,8640,נתיבות,שדרות,0,0,1,,0.0573088
1489,2015,2,6627,הוד השרון,שדרות,2,0,0,100.0,0.0573088
1083,2015,2,602,שדרות,הוד השרון,10,0,0,100.0,0.0573088
117776,2024,3,853,שדרות,באר שבע מרכז,1,0,9,100.0,0.0573088
117786,2024,3,863,שדרות,באר שבע מרכז,1,0,9,100.0,0.0573088
133762,2025,3,8973,שדרות,באר שבע מרכז,2,0,0,100.0,0.0573088
133766,2025,3,8977,שדרות,באר שבע מרכז,2,0,0,100.0,0.0573088
128857,2024,12,867,שדרות,באר שבע מרכז,23,0,0,100.0,0.0573088
132130,2025,2,6851,שדרות,באר שבע מרכז,1,0,0,100.0,0.0573088
132136,2025,2,6853,שדרות,באר שבע מרכז,1,0,0,100.0,0.0573088
118114,2024,3,6849,שדרות,באר שבע מרכז,1,0,0,100.0,0.0573088
118126,2024,3,6861,שדרות,באר שבע מרכז,1,0,0,100.0,0.0573088
120293,2024,5,858,באר שבע מרכז,שדרות,22,0,0,100.0,0.0573088
122830,2024,7,854,באר שבע מרכז,שדרות,23,0,0,100.0,0.0573088
120819,2024,5,6844,באר שבע מרכז,שדרות,5,0,0,100.0,0.0573088
122814,2024,7,840,באר שבע מרכז,שדרות,23,0,0,100.0,0.0573088
122824,2024,7,849,שדרות,באר שבע מרכז,23,0,0,100.0,0.0573088
123260,2024,7,6841,שדרות,באר שבע מרכז,4,0,0,100.0,0.0573088
1094,2015,2,609,הוד השרון,שדרות,10,0,0,100.0,0.0573088
1098,2015,2,611,הוד השרון,שדרות,10,0,0,100.0,0.0573088
1169,2015,2,670,שדרות,הוד השרון,10,0,0,100.0,0.0573088
1175,2015,2,674,שדרות,הוד השרון,10,0,0,100.0,0.0573088
1184,2015,2,680,שדרות,הוד השרון,10,0,0,100.0,0.0573088
1192,2015,2,686,שדרות,הוד השרון,10,0,0,100.0,0.0573088
69838,2020,2,697,תל אביב ההגנה,שדרות,1,0,0,100.0,0.0573088
122821,2024,7,847,שדרות,באר שבע מרכז,23,1,0,95.65,0.0573088
122836,2024,7,859,שדרות,באר שבע מרכז,23,1,0,95.65,0.0573088
119429,2024,4,6856,באר שבע מרכז,שדרות,4,0,2,100.0,0.0573088
119414,2024,4,6841,שדרות,באר שבע מרכז,4,0,2,100.0,0.0573088
120297,2024,5,862,באר שבע מרכז,שדרות,22,0,0,100.0,0.0573088
118121,2024,3,6856,באר שבע מרכז,שדרות,1,0,0,100.0,0.0573088
120298,2024,5,863,שדרות,באר שבע מרכז,22,0,0,100.0,0.0573088
123261,2024,7,6842,באר שבע מרכז,שדרות,4,0,0,100.0,0.0573088
123274,2024,7,6855,שדרות,באר שבע מרכז,4,0,0,100.0,0.0573088
123278,2024,7,6859,שדרות,באר שבע מרכז,4,0,0,100.0,0.0573088
119434,2024,4,6861,שדרות,באר שבע מרכז,4,0,2,100.0,0.0573088
120301,2024,5,866,באר שבע מרכז,שדרות,22,0,0,100.0,0.0573088
120826,2024,5,6851,שדרות,באר שבע מרכז,5,0,0,100.0,0.0573088
120834,2024,5,6859,שדרות,באר שבע מרכז,5,0,0,100.0,0.0573088
122050,2024,6,6859,שדרות,באר שבע מרכז,4,0,1,100.0,0.0573088
123262,2024,7,6843,שדרות,באר שבע מרכז,4,0,0,100.0,0.0573088
123269,2024,7,6850,באר שבע מרכז,שדרות,4,0,0,100.0,0.0573088
123280,2024,7,6861,שדרות,באר שבע מרכז,4,0,0,100.0,0.0573088
123397,2024,7,7840,באר שבע מרכז,שדרות,4,0,0,100.0,0.0573088
122840,2024,7,863,שדרות,באר שבע מרכז,23,0,0,100.0,0.0573088
122843,2024,7,866,באר שבע מרכז,שדרות,23,0,0,100.0,0.0573088
122918,2024,7,1846,באר שבע מרכז,שדרות,4,0,0,100.0,0.0573088
122848,2024,7,871,שדרות,באר שבע מרכז,23,0,0,100.0,0.0573088
1196,2015,2,690,שדרות,הוד השרון,10,0,0,100.0,0.0573088
1199,2015,2,692,שדרות,הוד השרון,10,0,0,100.0,0.0573088
1201,2015,2,693,הוד השרון,שדרות,10,0,0,100.0,0.0573088
1194,2015,2,689,הוד השרון,שדרות,10,0,0,100.0,0.0573088
1144,2015,2,653,הוד השרון,שדרות,10,0,0,100.0,0.0573088
1203,2015,2,694,שדרות,הוד השרון,10,0,0,100.0,0.0573088
2021,2015,3,695,הוד השרון,שדרות,1,0,0,100.0,0.0573088
122826,2024,7,851,שדרות,באר שבע מרכז,23,0,0,100.0,0.0573088
123263,2024,7,6844,באר שבע מרכז,שדרות,4,0,0,100.0,0.0573088
125860,2024,9,6842,באר שבע מרכז,שדרות,3,0,1,100.0,0.0573088
126968,2024,10,6842,באר שבע מרכז,שדרות,6,0,0,100.0,0.0573088
131641,2025,2,953,שדרות,באר שבע מרכז,1,0,0,100.0,0.0573088
118252,2024,3,7842,באר שבע מרכז,שדרות,1,0,0,100.0,0.0573088
120275,2024,5,840,באר שבע מרכז,שדרות,22,0,0,100.0,0.0573088
122047,2024,6,6856,באר שבע מרכז,שדרות,4,0,1,100.0,0.0573088
120310,2024,5,875,שדרות,באר שבע מרכז,22,0,0,100.0,0.0573088
30485,2017,7,8622,שדרות,תל אביב מרכז,0,0,1,,0.0573088
118109,2024,3,6844,באר שבע מרכז,שדרות,1,0,0,100.0,0.0573088
118250,2024,3,7840,באר שבע מרכז,שדרות,1,0,0,100.0,0.0573088
119560,2024,4,7840,באר שבע מרכז,שדרות,4,0,2,100.0,0.0573088
23617,2017,2,697,הוד השרון,שדרות,1,0,0,100.0,0.0573088
119020,2024,4,861,שדרות,באר שבע מרכז,22,4,0,81.82,0.0573088
132127,2025,2,6850,באר שבע מרכז,שדרות,1,0,0,100.0,0.0573088
117777,2024,3,854,באר שבע מרכז,שדרות,1,0,9,100.0,0.0573088
117794,2024,3,871,שדרות,באר שבע מרכז,1,0,9,100.0,0.0573088
117787,2024,3,864,באר שבע מרכז,שדרות,1,0,9,100.0,0.0573088
41238,2018,4,698,באר שבע מרכז,שדרות,2,2,0,0.0,0.0573088
7607,2015,9,7613,אשקלון,שדרות,1,1,0,0.0,0.0573088
118107,2024,3,6842,באר שבע מרכז,שדרות,1,0,0,100.0,0.0573088
118108,2024,3,6843,שדרות,באר שבע מרכז,1,0,0,100.0,0.0573088
123266,2024,7,6847,שדרות,באר שבע מרכז,4,0,0,100.0,0.0573088
124392,2024,8,6847,שדרות,באר שבע מרכז,5,0,0,100.0,0.0573088
118110,2024,3,6845,שדרות,באר שבע מרכז,1,0,0,100.0,0.0573088
118112,2024,3,6847,שדרות,באר שבע מרכז,1,0,0,100.0,0.0573088
119019,2024,4,860,באר שבע מרכז,שדרות,22,4,0,81.82,0.0573088
119420,2024,4,6847,שדרות,באר שבע מרכז,4,0,2,100.0,0.0573088
120822,2024,5,6847,שדרות,באר שבע מרכז,5,0,0,100.0,0.0573088
122038,2024,6,6847,שדרות,באר שבע מרכז,4,0,1,100.0,0.0573088
125865,2024,9,6847,שדרות,באר שבע מרכז,3,0,1,100.0,0.0573088
126973,2024,10,6847,שדרות,באר שבע מרכז,6,0,0,100.0,0.0573088
117764,2024,3,841,שדרות,באר שבע מרכז,1,0,9,100.0,0.0573088
117765,2024,3,842,באר שבע מרכז,שדרות,1,0,9,100.0,0.0573088
117767,2024,3,844,באר שבע מרכז,שדרות,1,0,9,100.0,0.0573088
117768,2024,3,845,שדרות,באר שבע מרכז,1,0,9,100.0,0.0573088
117769,2024,3,846,באר שבע מרכז,שדרות,1,0,9,100.0,0.0573088
119005,2024,4,846,באר שבע מרכז,שדרות,22,4,0,81.82,0.0573088
119008,2024,4,849,שדרות,באר שבע מרכז,22,4,0,81.82,0.0573088
119011,2024,4,852,באר שבע מרכז,שדרות,22,4,0,81.82,0.0573088
119026,2024,4,867,שדרות,באר שבע מרכז,22,4,0,81.82,0.0573088
119029,2024,4,870,באר שבע מרכז,שדרות,22,4,0,81.82,0.0573088
120281,2024,5,846,באר שבע מרכז,שדרות,22,0,0,100.0,0.0573088
120305,2024,5,870,באר שבע מרכז,שדרות,22,0,0,100.0,0.0573088
121682,2024,6,846,באר שבע מרכז,שדרות,21,2,0,90.48,0.0573088
122820,2024,7,846,באר שבע מרכז,שדרות,23,0,0,100.0,0.0573088
122847,2024,7,870,באר שבע מרכז,שדרות,23,0,0,100.0,0.0573088
125879,2024,9,6861,שדרות,באר שבע מרכז,3,2,0,33.33,0.0573088
130162,2025,1,846,באר שבע מרכז,שדרות,19,1,4,94.74,0.0573088
131666,2025,2,966,באר שבע מרכז,שדרות,1,0,0,100.0,0.0573088
133743,2025,3,8954,באר שבע מרכז,שדרות,2,0,0,100.0,0.0573088
133747,2025,3,8958,באר שבע מרכז,שדרות,2,0,0,100.0,0.0573088
133755,2025,3,8966,באר שבע מרכז,שדרות,2,0,0,100.0,0.0573088
133759,2025,3,8970,באר שבע מרכז,שדרות,2,0,0,100.0,0.0573088
49788,2018,10,697,רעננה מערב,שדרות,1,1,0,0.0,0.0573088
117783,2024,3,860,באר שבע מרכז,שדרות,1,0,9,100.0,0.0573088
117860,2024,3,1845,שדרות,באר שבע צפון,1,0,0,100.0,0.0573088
119018,2024,4,859,שדרות,באר שבע מרכז,22,4,0,81.82,0.0573088
119562,2024,4,7842,באר שבע מרכז,שדרות,4,0,2,100.0,0.0573088
119009,2024,4,850,באר שבע מרכז,שדרות,22,4,0,81.82,0.0573088
119016,2024,4,857,שדרות,באר שבע מרכז,22,4,0,81.82,0.0573088
54335,2019,2,697,תל אביב ההגנה,שדרות,1,0,0,100.0,0.0573088
41235,2018,4,697,הוד השרון,שדרות,1,1,0,0.0,0.0573088
74733,2020,9,669,אשקלון,שדרות,1,1,0,0.0,0.0573088
120276,2024,5,841,שדרות,באר שבע מרכז,22,0,0,100.0,0.0573088
120279,2024,5,844,באר שבע מרכז,שדרות,22,0,0,100.0,0.0573088
120282,2024,5,847,שדרות,באר שבע מרכז,22,0,0,100.0,0.0573088
120283,2024,5,848,באר שבע מרכז,שדרות,22,0,0,100.0,0.0573088
120289,2024,5,854,באר שבע מרכז,שדרות,22,0,0,100.0,0.0573088
120294,2024,5,859,שדרות,באר שבע מרכז,22,0,0,100.0,0.0573088
120308,2024,5,873,שדרות,באר שבע מרכז,22,0,0,100.0,0.0573088
120309,2024,5,874,באר שבע מרכז,שדרות,22,0,0,100.0,0.0573088
121698,2024,6,862,באר שבע מרכז,שדרות,21,2,0,90.48,0.0573088
121696,2024,6,860,באר שבע מרכז,שדרות,21,2,0,90.48,0.0573088
121681,2024,6,845,שדרות,באר שבע מרכז,21,2,0,90.48,0.0573088
121687,2024,6,851,שדרות,באר שבע מרכז,21,2,0,90.48,0.0573088
121684,2024,6,848,באר שבע מרכז,שדרות,21,2,0,90.48,0.0573088
121708,2024,6,872,באר שבע מרכז,שדרות,21,2,0,90.48,0.0573088
121689,2024,6,853,שדרות,באר שבע מרכז,21,2,0,90.48,0.0573088
121690,2024,6,854,באר שבע מרכז,שדרות,21,2,0,90.48,0.0573088
121691,2024,6,855,שדרות,באר שבע מרכז,21,2,0,90.48,0.0573088
121692,2024,6,856,באר שבע מרכז,שדרות,21,2,0,90.48,0.0573088
121694,2024,6,858,באר שבע מרכז,שדרות,21,2,0,90.48,0.0573088
121695,2024,6,859,שדרות,באר שבע מרכז,21,2,0,90.48,0.0573088
121699,2024,6,863,שדרות,באר שבע מרכז,21,2,0,90.48,0.0573088
121700,2024,6,864,באר שבע מרכז,שדרות,21,2,0,90.48,0.0573088
121702,2024,6,866,באר שבע מרכז,שדרות,21,2,0,90.48,0.0573088
121703,2024,6,867,שדרות,באר שבע מרכז,21,2,0,90.48,0.0573088
121704,2024,6,868,באר שבע מרכז,שדרות,21,2,0,90.48,0.0573088
121707,2024,6,871,שדרות,באר שבע מרכז,21,2,0,90.48,0.0573088
121710,2024,6,874,באר שבע מרכז,שדרות,21,2,0,90.48,0.0573088
121776,2024,6,1845,שדרות,באר שבע צפון,5,0,1,100.0,0.0573088
121683,2024,6,847,שדרות,באר שבע מרכז,21,2,0,90.48,0.0573088
121705,2024,6,869,שדרות,באר שבע מרכז,21,2,0,90.48,0.0573088
121676,2024,6,840,באר שבע מרכז,שדרות,21,2,0,90.48,0.0573088
121680,2024,6,844,באר שבע מרכז,שדרות,21,2,0,90.48,0.0573088
121693,2024,6,857,שדרות,באר שבע מרכז,21,2,0,90.48,0.0573088
121686,2024,6,850,באר שבע מרכז,שדרות,21,2,0,90.48,0.0573088
121709,2024,6,873,שדרות,באר שבע מרכז,21,2,0,90.48,0.0573088
121777,2024,6,1846,באר שבע מרכז,שדרות,5,0,1,100.0,0.0573088
122043,2024,6,6852,באר שבע מרכז,שדרות,4,0,1,100.0,0.0573088
122845,2024,7,868,באר שבע מרכז,שדרות,23,0,0,100.0,0.0573088
123271,2024,7,6852,באר שבע מרכז,שדרות,4,0,0,100.0,0.0573088
124389,2024,8,6844,באר שבע מרכז,שדרות,5,0,0,100.0,0.0573088
128106,2024,11,6852,באר שבע מרכז,שדרות,5,0,0,100.0,0.0573088
32492,2017,9,698,שדרות,אשקלון,1,1,0,0.0,0.0573088
7204,2015,9,697,הוד השרון,שדרות,1,0,0,100.0,0.0573088
9645,2015,12,697,הוד השרון,שדרות,1,0,0,100.0,0.0573088
56880,2019,4,697,תל אביב ההגנה,שדרות,1,1,0,0.0,0.0573088
106854,2023,5,8293,לוד,שדרות,0,0,1,,0.0573088
1502,2015,2,6636,שדרות,הוד השרון,2,0,0,100.0,0.0573088
1587,2015,2,7611,הוד השרון,שדרות,2,0,0,100.0,0.0573088
1497,2015,2,6632,שדרות,הוד השרון,2,0,0,100.0,0.0573088
1491,2015,2,6628,שדרות,הוד השרון,2,0,0,100.0,0.0573088
1485,2015,2,6624,שדרות,הוד השרון,2,0,0,100.0,0.0573088
1132,2015,2,641,הוד השרון,שדרות,10,0,0,100.0,0.0573088
1096,2015,2,610,שדרות,הוד השרון,10,0,0,100.0,0.0573088
122835,2024,7,858,באר שבע מרכז,שדרות,23,1,0,95.65,0.0573088
285,2015,1,609,הוד השרון,שדרות,21,0,0,100.0,0.0573088
293,2015,1,617,הוד השרון,שדרות,21,0,0,100.0,0.0573088
287,2015,1,611,הוד השרון,שדרות,21,0,0,100.0,0.0573088
335,2015,1,670,שדרות,הוד השרון,21,0,0,100.0,0.0573088
302,2015,1,629,הוד השרון,שדרות,21,0,0,100.0,0.0573088
342,2015,1,677,הוד השרון,שדרות,21,0,0,100.0,0.0573088
345,2015,1,680,שדרות,הוד השרון,21,0,0,100.0,0.0573088
351,2015,1,686,שדרות,הוד השרון,21,0,0,100.0,0.0573088
352,2015,1,689,הוד השרון,שדרות,21,0,0,100.0,0.0573088
353,2015,1,690,שדרות,הוד השרון,21,0,0,100.0,0.0573088
356,2015,1,693,הוד השרון,שדרות,21,0,0,100.0,0.0573088
357,2015,1,694,שדרות,הוד השרון,21,0,0,100.0,0.0573088
359,2015,1,697,הוד השרון,שדרות,21,0,0,100.0,0.0573088
133769,2025,3,8980,באר שבע מרכז,שדרות,1,0,0,100.0,0.0573088
39498,2018,2,8689,הוד השרון,שדרות,0,0,1,,0.0573088
51377,2018,11,697,רעננה מערב,שדרות,1,0,0,100.0,0.0573088
58203,2019,5,697,תל אביב ההגנה,שדרות,1,0,0,100.0,0.0573088
117775,2024,3,852,באר שבע מרכז,שדרות,1,0,9,100.0,0.0573088
117797,2024,3,874,באר שבע מרכז,שדרות,1,0,9,100.0,0.0573088
133764,2025,3,8975,שדרות,באר שבע מרכז,2,0,0,100.0,0.0573088
48591,2018,9,697,רעננה מערב,שדרות,2,2,0,0.0,0.0573088
117770,2024,3,847,שדרות,באר שבע מרכז,1,0,9,100.0,0.0573088
47528,2018,8,698,באר שבע מרכז,שדרות,1,1,0,0.0,0.0573088
47532,2018,8,699,שדרות,באר שבע מרכז,1,1,0,0.0,0.0573088
47526,2018,8,697,רעננה מערב,שדרות,1,0,0,100.0,0.0573088
121701,2024,6,865,שדרות,באר שבע מרכז,21,2,0,90.48,0.0573088
121685,2024,6,849,שדרות,באר שבע מרכז,21,2,0,90.48,0.0573088
120300,2024,5,865,שדרות,באר שבע מרכז,22,0,0,100.0,0.0573088
120284,2024,5,849,שדרות,באר שבע מרכז,22,0,0,100.0,0.0573088
128839,2024,12,849,שדרות,באר שבע מרכז,23,1,0,95.65,0.0573088
117782,2024,3,859,שדרות,באר שבע מרכז,1,0,9,100.0,0.0573088
128849,2024,12,859,שדרות,באר שבע מרכז,23,0,0,100.0,0.0573088
128850,2024,12,860,באר שבע מרכז,שדרות,23,0,0,100.0,0.0573088
128851,2024,12,861,שדרות,באר שבע מרכז,23,1,0,95.65,0.0573088
128853,2024,12,863,שדרות,באר שבע מרכז,23,0,0,100.0,0.0573088
128855,2024,12,865,שדרות,באר שבע מרכז,23,0,0,100.0,0.0573088
128858,2024,12,868,באר שבע מרכז,שדרות,23,0,0,100.0,0.0573088
128859,2024,12,869,שדרות,באר שבע מרכז,22,0,0,100.0,0.0573088
128860,2024,12,869,שדרות,באר שבע צפון,1,0,0,100.0,0.0573088
127779,2024,11,853,שדרות,באר שבע מרכז,20,0,0,100.0,0.0573088
128838,2024,12,848,באר שבע מרכז,שדרות,23,0,0,100.0,0.0573088
120295,2024,5,860,באר שבע מרכז,שדרות,22,0,0,100.0,0.0573088
124405,2024,8,6860,באר שבע מרכז,שדרות,5,0,0,100.0,0.0573088
124398,2024,8,6853,שדרות,באר שבע מרכז,5,0,0,100.0,0.0573088
132121,2025,2,6848,באר שבע מרכז,שדרות,1,0,0,100.0,0.0573088
130633,2025,1,6853,שדרות,באר שבע מרכז,4,1,1,75.0,0.0573088
130623,2025,1,6848,באר שבע מרכז,שדרות,4,1,1,75.0,0.0573088
126649,2024,10,849,שדרות,באר שבע מרכז,22,5,0,77.27,0.0573088
126647,2024,10,847,שדרות,באר שבע מרכז,22,5,0,77.27,0.0573088
126640,2024,10,840,באר שבע מרכז,שדרות,22,5,0,77.27,0.0573088
126668,2024,10,868,באר שבע מרכז,שדרות,22,5,0,77.27,0.0573088
126664,2024,10,864,באר שבע מרכז,שדרות,22,5,0,77.27,0.0573088
126661,2024,10,861,שדרות,באר שבע מרכז,22,5,0,77.27,0.0573088
126657,2024,10,857,שדרות,באר שבע מרכז,22,6,0,72.73,0.0573088
126650,2024,10,850,באר שבע מרכז,שדרות,22,5,0,77.27,0.0573088
129203,2024,12,6848,באר שבע מרכז,שדרות,4,0,0,100.0,0.0573088
129205,2024,12,6850,באר שבע מרכז,שדרות,4,0,0,100.0,0.0573088
129208,2024,12,6853,שדרות,באר שבע מרכז,4,0,0,100.0,0.0573088
126969,2024,10,6843,שדרות,באר שבע מרכז,6,0,0,100.0,0.0573088
126982,2024,10,6856,באר שבע מרכז,שדרות,5,0,0,100.0,0.0573088
128103,2024,11,6849,שדרות,באר שבע מרכז,5,0,0,100.0,0.0573088
128104,2024,11,6850,באר שבע מרכז,שדרות,5,0,0,100.0,0.0573088
128107,2024,11,6853,שדרות,באר שבע מרכז,5,0,0,100.0,0.0573088
128108,2024,11,6855,שדרות,באר שבע צפון,5,0,0,100.0,0.0573088
117771,2024,3,848,באר שבע מרכז,שדרות,1,0,9,100.0,0.0573088
117779,2024,3,856,באר שבע מרכז,שדרות,1,0,9,100.0,0.0573088
117784,2024,3,861,שדרות,באר שבע מרכז,1,0,9,100.0,0.0573088
119021,2024,4,862,באר שבע מרכז,שדרות,22,5,0,77.27,0.0573088
121697,2024,6,861,שדרות,באר שבע מרכז,21,2,0,90.48,0.0573088
120816,2024,5,6841,שדרות,באר שבע מרכז,5,0,0,100.0,0.0573088
120958,2024,5,7843,שדרות,באר שבע מרכז,4,0,0,100.0,0.0573088
126669,2024,10,869,שדרות,באר שבע מרכז,18,5,0,72.22,0.0573088
122036,2024,6,6845,שדרות,באר שבע מרכז,4,0,1,100.0,0.0573088
122032,2024,6,6841,שדרות,באר שבע מרכז,4,0,1,100.0,0.0573088
122034,2024,6,6843,שדרות,באר שבע מרכז,4,0,1,100.0,0.0573088
122035,2024,6,6844,באר שבע מרכז,שדרות,4,0,1,100.0,0.0573088
126972,2024,10,6846,באר שבע מרכז,שדרות,6,0,0,100.0,0.0573088
128100,2024,11,6846,באר שבע מרכז,שדרות,5,0,0,100.0,0.0573088
124391,2024,8,6846,באר שבע מרכז,שדרות,5,0,0,100.0,0.0573088
124397,2024,8,6852,באר שבע מרכז,שדרות,5,0,0,100.0,0.0573088
120307,2024,5,872,באר שבע מרכז,שדרות,22,0,0,100.0,0.0573088
127088,2024,10,7840,באר שבע מרכז,שדרות,5,0,0,100.0,0.0573088
120957,2024,5,7842,באר שבע מרכז,שדרות,4,0,0,100.0,0.0573088
132115,2025,2,6846,באר שבע מרכז,שדרות,1,0,0,100.0,0.0573088
126003,2024,9,7840,באר שבע מרכז,שדרות,3,0,1,100.0,0.0573088
125870,2024,9,6852,באר שבע מרכז,שדרות,3,0,1,100.0,0.0573088
125864,2024,9,6846,באר שבע מרכז,שדרות,3,0,1,100.0,0.0573088
128833,2024,12,843,שדרות,באר שבע מרכז,23,0,0,100.0,0.0573088
122031,2024,6,6840,באר שבע מרכז,שדרות,4,0,1,100.0,0.0573088
122817,2024,7,843,שדרות,באר שבע מרכז,23,0,0,100.0,0.0573088
126978,2024,10,6852,באר שבע מרכז,שדרות,6,0,0,100.0,0.0573088
123265,2024,7,6846,באר שבע מרכז,שדרות,4,0,0,100.0,0.0573088
124513,2024,8,7840,באר שבע מרכז,שדרות,5,0,0,100.0,0.0573088
130159,2025,1,843,שדרות,באר שבע מרכז,19,1,4,94.74,0.0573088
126652,2024,10,852,באר שבע מרכז,שדרות,22,5,0,77.27,0.0573088
126663,2024,10,863,שדרות,באר שבע מרכז,22,5,0,77.27,0.0573088
127146,2024,10,8846,באר שבע מרכז,שדרות,2,0,0,100.0,0.0573088
128099,2024,11,6845,שדרות,באר שבע מרכז,5,0,0,100.0,0.0573088
128105,2024,11,6851,שדרות,באר שבע מרכז,5,0,0,100.0,0.0573088
119413,2024,4,6840,באר שבע מרכז,שדרות,4,0,2,100.0,0.0573088
119416,2024,4,6843,שדרות,באר שבע מרכז,4,0,2,100.0,0.0573088
119417,2024,4,6844,באר שבע מרכז,שדרות,4,0,2,100.0,0.0573088
119426,2024,4,6853,שדרות,באר שבע מרכז,4,0,2,100.0,0.0573088
65602,2019,11,697,תל אביב ההגנה,שדרות,1,0,0,100.0,0.0573088
117763,2024,3,840,באר שבע מרכז,שדרות,1,0,9,100.0,0.0573088
117773,2024,3,850,באר שבע מרכז,שדרות,1,0,9,100.0,0.0573088
117785,2024,3,862,באר שבע מרכז,שדרות,1,0,9,100.0,0.0573088
117792,2024,3,869,שדרות,באר שבע מרכז,1,0,9,100.0,0.0573088
131691,2025,2,978,באר שבע מרכז,שדרות,1,0,0,100.0,0.0573088
131653,2025,2,959,שדרות,באר שבע מרכז,1,0,0,100.0,0.0573088
131658,2025,2,962,באר שבע מרכז,שדרות,1,0,0,100.0,0.0573088
132106,2025,2,6843,שדרות,באר שבע מרכז,1,0,0,100.0,0.0573088
132109,2025,2,6844,באר שבע מרכז,שדרות,1,0,0,100.0,0.0573088
132133,2025,2,6852,באר שבע מרכז,שדרות,1,0,0,100.0,0.0573088
131662,2025,2,964,באר שבע מרכז,שדרות,1,0,0,100.0,0.0573088
131679,2025,2,972,באר שבע מרכז,שדרות,1,0,0,100.0,0.0573088
131649,2025,2,957,שדרות,באר שבע מרכז,1,0,0,100.0,0.0573088
132099,2025,2,6840,נתיבות,שדרות,1,0,0,100.0,0.0573088
132112,2025,2,6845,שדרות,באר שבע מרכז,1,0,0,100.0,0.0573088
124396,2024,8,6851,שדרות,באר שבע מרכז,5,0,0,100.0,0.0573088
118120,2024,3,6855,שדרות,באר שבע מרכז,1,0,0,100.0,0.0573088
124514,2024,8,7841,שדרות,באר שבע מרכז,5,0,0,100.0,0.0573088
120817,2024,5,6842,באר שבע מרכז,שדרות,5,0,0,100.0,0.0573088
120830,2024,5,6855,שדרות,באר שבע מרכז,5,0,0,100.0,0.0573088
120955,2024,5,7840,באר שבע מרכז,שדרות,4,0,0,100.0,0.0573088
122159,2024,6,7840,באר שבע מרכז,שדרות,5,0,1,100.0,0.0573088
122037,2024,6,6846,באר שבע מרכז,שדרות,4,0,1,100.0,0.0573088
122033,2024,6,6842,באר שבע מרכז,שדרות,4,0,1,100.0,0.0573088
121677,2024,6,841,שדרות,באר שבע מרכז,21,2,0,90.48,0.0573088
121678,2024,6,842,באר שבע מרכז,שדרות,21,2,0,90.48,0.0573088
121679,2024,6,843,שדרות,באר שבע מרכז,21,2,0,90.48,0.0573088
131639,2025,2,952,נתיבות,שדרות,1,0,0,100.0,0.0573088
131672,2025,2,969,שדרות,באר שבע מרכז,1,0,0,100.0,0.0573088
131675,2025,2,970,באר שבע מרכז,שדרות,1,0,0,100.0,0.0573088
131683,2025,2,974,באר שבע מרכז,שדרות,1,0,0,100.0,0.0573088
128832,2024,12,842,באר שבע מרכז,שדרות,23,0,0,100.0,0.0573088
127781,2024,11,855,שדרות,באר שבע מרכז,20,0,0,100.0,0.0573088
127774,2024,11,848,באר שבע מרכז,שדרות,20,0,0,100.0,0.0573088
127767,2024,11,841,שדרות,באר שבע מרכז,20,0,0,100.0,0.0573088
127792,2024,11,866,באר שבע מרכז,שדרות,20,0,0,100.0,0.0573088
127782,2024,11,856,באר שבע מרכז,שדרות,20,0,0,100.0,0.0573088
130627,2025,1,6850,באר שבע מרכז,שדרות,4,1,1,75.0,0.0573088
133768,2025,3,8979,שדרות,באר שבע מרכז,1,0,0,100.0,0.0573088
130615,2025,1,6844,באר שבע מרכז,שדרות,4,1,1,75.0,0.0573088
130629,2025,1,6851,שדרות,באר שבע מרכז,4,1,1,75.0,0.0573088
130631,2025,1,6852,באר שבע מרכז,שדרות,4,1,1,75.0,0.0573088
130613,2025,1,6843,שדרות,באר שבע מרכז,4,1,1,75.0,0.0573088
130619,2025,1,6846,באר שבע מרכז,שדרות,4,1,1,75.0,0.0573088
130625,2025,1,6849,שדרות,באר שבע מרכז,4,1,1,75.0,0.0573088
125867,2024,9,6849,שדרות,באר שבע מרכז,3,0,1,100.0,0.0573088
125869,2024,9,6851,שדרות,באר שבע מרכז,3,0,1,100.0,0.0573088
125872,2024,9,6854,באר שבע מרכז,שדרות,3,0,1,100.0,0.0573088
125873,2024,9,6855,שדרות,באר שבע מרכז,3,0,1,100.0,0.0573088
125874,2024,9,6856,באר שבע מרכז,שדרות,3,0,1,100.0,0.0573088
125878,2024,9,6860,באר שבע מרכז,שדרות,3,2,0,33.33,0.0573088
127795,2024,11,869,שדרות,באר שבע צפון,20,0,0,100.0,0.0573088
120291,2024,5,856,באר שבע מרכז,שדרות,22,0,0,100.0,0.0573088
120302,2024,5,867,שדרות,באר שבע מרכז,22,0,0,100.0,0.0573088
120827,2024,5,6852,באר שבע מרכז,שדרות,5,0,0,100.0,0.0573088
120835,2024,5,6860,באר שבע מרכז,שדרות,5,0,0,100.0,0.0573088
118117,2024,3,6852,באר שבע מרכז,שדרות,1,0,0,100.0,0.0573088
118253,2024,3,7843,שדרות,באר שבע מרכז,1,0,0,100.0,0.0573088
125391,2024,9,858,באר שבע מרכז,שדרות,19,0,3,100.0,0.0573088
125397,2024,9,864,באר שבע מרכז,שדרות,19,0,3,100.0,0.0573088
125402,2024,9,869,שדרות,באר שבע מרכז,19,0,3,100.0,0.0573088
127784,2024,11,858,באר שבע מרכז,שדרות,20,0,0,100.0,0.0573088
127790,2024,11,864,באר שבע מרכז,שדרות,20,0,0,100.0,0.0573088
127768,2024,11,842,באר שבע מרכז,שדרות,20,0,0,100.0,0.0573088
129199,2024,12,6844,באר שבע מרכז,שדרות,4,0,0,100.0,0.0573088
129201,2024,12,6846,באר שבע מרכז,שדרות,4,0,0,100.0,0.0573088
129204,2024,12,6849,שדרות,באר שבע מרכז,4,0,0,100.0,0.0573088
129207,2024,12,6852,באר שבע מרכז,שדרות,4,0,0,100.0,0.0573088
130169,2025,1,853,שדרות,באר שבע מרכז,19,1,4,94.74,0.0573088
130170,2025,1,854,באר שבע מרכז,שדרות,19,1,4,94.74,0.0573088
130172,2025,1,856,באר שבע מרכז,שדרות,19,1,4,94.74,0.0573088
130173,2025,1,857,שדרות,באר שבע מרכז,19,1,4,94.74,0.0573088
130175,2025,1,859,שדרות,באר שבע מרכז,19,1,4,94.74,0.0573088
130177,2025,1,861,שדרות,באר שבע מרכז,19,1,4,94.74,0.0573088
130179,2025,1,863,שדרות,באר שבע מרכז,19,1,4,94.74,0.0573088
130180,2025,1,864,באר שבע מרכז,שדרות,19,1,4,94.74,0.0573088
130183,2025,1,867,שדרות,באר שבע מרכז,19,1,4,94.74,0.0573088
130185,2025,1,869,שדרות,באר שבע מרכז,19,1,4,94.74,0.0573088
131643,2025,2,954,באר שבע מרכז,שדרות,1,0,0,100.0,0.0573088
131645,2025,2,955,שדרות,באר שבע מרכז,1,0,0,100.0,0.0573088
131647,2025,2,956,באר שבע מרכז,שדרות,1,0,0,100.0,0.0573088
131650,2025,2,958,באר שבע מרכז,שדרות,1,0,0,100.0,0.0573088
131654,2025,2,960,באר שבע מרכז,שדרות,1,0,0,100.0,0.0573088
131671,2025,2,968,באר שבע מרכז,שדרות,1,0,0,100.0,0.0573088
131680,2025,2,973,שדרות,באר שבע מרכז,1,0,0,100.0,0.0573088
131685,2025,2,975,שדרות,באר שבע מרכז,1,0,0,100.0,0.0573088
131689,2025,2,977,שדרות,באר שבע מרכז,1,0,0,100.0,0.0573088
131657,2025,2,961,שדרות,באר שבע מרכז,1,0,0,100.0,0.0573088
131664,2025,2,965,שדרות,באר שבע מרכז,1,0,0,100.0,0.0573088
131676,2025,2,971,שדרות,באר שבע מרכז,1,0,0,100.0,0.0573088
131687,2025,2,976,באר שבע מרכז,שדרות,1,0,0,100.0,0.0573088
131697,2025,2,980,באר שבע מרכז,שדרות,1,0,0,100.0,0.0573088
130157,2025,1,841,שדרות,באר שבע מרכז,19,1,4,94.74,0.0573088
130158,2025,1,842,באר שבע מרכז,שדרות,19,1,4,94.74,0.0573088
130160,2025,1,844,באר שבע מרכז,שדרות,19,1,4,94.74,0.0573088
130163,2025,1,847,שדרות,באר שבע מרכז,19,1,4,94.74,0.0573088
130164,2025,1,848,באר שבע מרכז,שדרות,19,1,4,94.74,0.0573088
130165,2025,1,849,שדרות,באר שבע מרכז,19,1,4,94.74,0.0573088
130166,2025,1,850,באר שבע מרכז,שדרות,19,1,4,94.74,0.0573088
130167,2025,1,851,שדרות,באר שבע מרכז,19,1,4,94.74,0.0573088
130168,2025,1,852,באר שבע מרכז,שדרות,19,1,4,94.74,0.0573088
130171,2025,1,855,שדרות,באר שבע מרכז,19,1,4,94.74,0.0573088
130174,2025,1,858,באר שבע מרכז,שדרות,19,1,4,94.74,0.0573088
130176,2025,1,860,באר שבע מרכז,שדרות,19,1,4,94.74,0.0573088
130178,2025,1,862,באר שבע מרכז,שדרות,19,1,4,94.74,0.0573088
130181,2025,1,865,שדרות,באר שבע מרכז,19,1,4,94.74,0.0573088
130182,2025,1,866,באר שבע מרכז,שדרות,19,1,4,94.74,0.0573088
130184,2025,1,868,באר שבע מרכז,שדרות,19,1,4,94.74,0.0573088
125876,2024,9,6858,באר שבע מרכז,שדרות,3,0,1,100.0,0.0573088
126648,2024,10,848,באר שבע מרכז,שדרות,22,5,0,77.27,0.0573088
126655,2024,10,855,שדרות,באר שבע מרכז,22,5,0,77.27,0.0573088
126659,2024,10,859,שדרות,באר שבע מרכז,22,5,0,77.27,0.0573088
126660,2024,10,860,באר שבע מרכז,שדרות,22,5,0,77.27,0.0573088
126667,2024,10,867,שדרות,באר שבע מרכז,22,5,0,77.27,0.0573088
126673,2024,10,872,באר שבע מרכז,שדרות,22,5,0,77.27,0.0573088
126675,2024,10,874,באר שבע מרכז,שדרות,22,5,0,77.27,0.0573088
126676,2024,10,875,שדרות,באר שבע מרכז,22,5,0,77.27,0.0573088
126736,2024,10,1846,באר שבע מרכז,שדרות,3,0,0,100.0,0.0573088
122160,2024,6,7841,שדרות,באר שבע מרכז,5,0,1,100.0,0.0573088
125871,2024,9,6853,שדרות,באר שבע מרכז,3,0,1,100.0,0.0573088
126004,2024,9,7841,שדרות,באר שבע מרכז,3,0,1,100.0,0.0573088
126005,2024,9,7842,באר שבע מרכז,שדרות,3,0,1,100.0,0.0573088
126006,2024,9,7843,שדרות,באר שבע מרכז,3,0,1,100.0,0.0573088
124386,2024,8,6841,שדרות,באר שבע מרכז,5,0,0,100.0,0.0573088
124394,2024,8,6849,שדרות,באר שבע מרכז,5,0,0,100.0,0.0573088
124395,2024,8,6850,באר שבע מרכז,שדרות,5,0,0,100.0,0.0573088
124401,2024,8,6856,באר שבע מרכז,שדרות,5,0,0,100.0,0.0573088
122849,2024,7,872,באר שבע מרכז,שדרות,23,0,0,100.0,0.0573088
122837,2024,7,860,באר שבע מרכז,שדרות,23,0,0,100.0,0.0573088
122825,2024,7,850,באר שבע מרכז,שדרות,23,0,0,100.0,0.0573088
122917,2024,7,1845,שדרות,באר שבע צפון,4,1,0,75.0,0.0573088
124071,2024,8,860,באר שבע מרכז,שדרות,21,1,0,95.24,0.0573088
124072,2024,8,861,שדרות,באר שבע מרכז,21,1,0,95.24,0.0573088
122839,2024,7,862,באר שבע מרכז,שדרות,23,0,0,100.0,0.0573088
122850,2024,7,873,שדרות,באר שבע מרכז,23,0,0,100.0,0.0573088
124049,2024,8,841,שדרות,באר שבע מרכז,21,0,0,100.0,0.0573088
124050,2024,8,842,באר שבע מרכז,שדרות,21,0,0,100.0,0.0573088
124051,2024,8,843,שדרות,באר שבע מרכז,21,0,0,100.0,0.0573088
124053,2024,8,845,שדרות,באר שבע מרכז,21,0,0,100.0,0.0573088
124054,2024,8,846,באר שבע מרכז,שדרות,21,0,0,100.0,0.0573088
124078,2024,8,867,שדרות,באר שבע מרכז,21,0,0,100.0,0.0573088
124081,2024,8,870,באר שבע מרכז,שדרות,21,0,0,100.0,0.0573088
124086,2024,8,875,שדרות,באר שבע מרכז,21,0,0,100.0,0.0573088
127788,2024,11,862,באר שבע מרכז,שדרות,20,0,0,100.0,0.0573088
120296,2024,5,861,שדרות,באר שבע מרכז,22,0,0,100.0,0.0573088
124390,2024,8,6845,שדרות,באר שבע מרכז,5,0,0,100.0,0.0573088
124388,2024,8,6843,שדרות,באר שבע מרכז,5,0,0,100.0,0.0573088
130611,2025,1,6842,באר שבע מרכז,שדרות,4,1,1,75.0,0.0573088
130617,2025,1,6845,שדרות,באר שבע מרכז,4,1,1,75.0,0.0573088
130621,2025,1,6847,שדרות,באר שבע מרכז,4,1,1,75.0,0.0573088
130635,2025,1,6855,שדרות,באר שבע צפון,4,1,1,75.0,0.0573088
129197,2024,12,6842,באר שבע מרכז,שדרות,4,0,0,100.0,0.0573088
129202,2024,12,6847,שדרות,באר שבע מרכז,4,0,0,100.0,0.0573088
126977,2024,10,6851,שדרות,באר שבע מרכז,6,0,0,100.0,0.0573088
126980,2024,10,6854,באר שבע מרכז,שדרות,6,0,0,100.0,0.0573088
126967,2024,10,6841,שדרות,באר שבע מרכז,6,0,0,100.0,0.0573088
126966,2024,10,6840,באר שבע מרכז,שדרות,6,0,0,100.0,0.0573088
129209,2024,12,6855,שדרות,באר שבע צפון,4,0,0,100.0,0.0573088
124399,2024,8,6854,באר שבע מרכז,שדרות,5,0,0,100.0,0.0573088
124400,2024,8,6855,שדרות,באר שבע מרכז,5,0,0,100.0,0.0573088
124403,2024,8,6858,באר שבע מרכז,שדרות,5,0,0,100.0,0.0573088
122162,2024,6,7843,שדרות,באר שבע מרכז,5,0,1,100.0,0.0573088
125859,2024,9,6841,שדרות,באר שבע מרכז,3,0,1,100.0,0.0573088
125861,2024,9,6843,שדרות,באר שבע מרכז,3,0,1,100.0,0.0573088
125868,2024,9,6850,באר שבע מרכז,שדרות,3,0,1,100.0,0.0573088
125875,2024,9,6857,שדרות,באר שבע מרכז,3,0,1,100.0,0.0573088
126984,2024,10,6858,באר שבע מרכז,שדרות,5,0,0,100.0,0.0573088
130161,2025,1,845,שדרות,באר שבע מרכז,19,1,4,94.74,0.0573088
125388,2024,9,855,שדרות,באר שבע מרכז,19,0,3,100.0,0.0573088
125387,2024,9,854,באר שבע מרכז,שדרות,19,0,3,100.0,0.0573088
125376,2024,9,843,שדרות,באר שבע מרכז,19,0,3,100.0,0.0573088
125375,2024,9,842,באר שבע מרכז,שדרות,19,0,3,100.0,0.0573088
125377,2024,9,844,באר שבע מרכז,שדרות,19,0,3,100.0,0.0573088
125381,2024,9,848,באר שבע מרכז,שדרות,19,0,3,100.0,0.0573088
125389,2024,9,856,באר שבע מרכז,שדרות,19,0,3,100.0,0.0573088
125394,2024,9,861,שדרות,באר שבע מרכז,19,0,3,100.0,0.0573088
125405,2024,9,872,באר שבע מרכז,שדרות,19,0,3,100.0,0.0573088
125478,2024,9,1846,באר שבע מרכז,שדרות,4,0,1,100.0,0.0573088
127778,2024,11,852,באר שבע מרכז,שדרות,20,0,0,100.0,0.0573088
127783,2024,11,857,שדרות,באר שבע מרכז,20,0,0,100.0,0.0573088
117788,2024,3,865,שדרות,באר שבע מרכז,1,0,9,100.0,0.0573088
128840,2024,12,850,באר שבע מרכז,שדרות,23,1,0,95.65,0.0573088
128841,2024,12,851,שדרות,באר שבע מרכז,23,0,0,100.0,0.0573088
128842,2024,12,852,באר שבע מרכז,שדרות,23,0,0,100.0,0.0573088
128843,2024,12,853,שדרות,באר שבע מרכז,23,0,0,100.0,0.0573088
128844,2024,12,854,באר שבע מרכז,שדרות,23,0,0,100.0,0.0573088
128845,2024,12,855,שדרות,באר שבע מרכז,23,0,0,100.0,0.0573088
128846,2024,12,856,באר שבע מרכז,שדרות,23,0,0,100.0,0.0573088
128847,2024,12,857,שדרות,באר שבע מרכז,23,0,0,100.0,0.0573088
128848,2024,12,858,באר שבע מרכז,שדרות,23,0,0,100.0,0.0573088
128852,2024,12,862,באר שבע מרכז,שדרות,23,0,0,100.0,0.0573088
128854,2024,12,864,באר שבע מרכז,שדרות,23,0,0,100.0,0.0573088
128856,2024,12,866,באר שבע מרכז,שדרות,23,0,0,100.0,0.0573088
120831,2024,5,6856,באר שבע מרכז,שדרות,5,0,0,100.0,0.0573088
120306,2024,5,871,שדרות,באר שבע מרכז,22,0,0,100.0,0.0573088
123270,2024,7,6851,שדרות,באר שבע מרכז,4,0,0,100.0,0.0573088
123277,2024,7,6858,באר שבע מרכז,שדרות,4,0,0,100.0,0.0573088
125385,2024,9,852,באר שבע מרכז,שדרות,19,0,3,100.0,0.0573088
125393,2024,9,860,באר שבע מרכז,שדרות,19,0,3,100.0,0.0573088
125399,2024,9,866,באר שבע מרכז,שדרות,19,0,3,100.0,0.0573088
125406,2024,9,873,שדרות,באר שבע מרכז,19,0,3,100.0,0.0573088
122046,2024,6,6855,שדרות,באר שבע מרכז,4,0,1,100.0,0.0573088
129198,2024,12,6843,שדרות,באר שבע מרכז,4,0,0,100.0,0.0573088
129200,2024,12,6845,שדרות,באר שבע מרכז,4,0,0,100.0,0.0573088
129206,2024,12,6851,שדרות,באר שבע מרכז,4,0,0,100.0,0.0573088
124057,2024,8,848,באר שבע מרכז,שדרות,19,0,0,100.0,0.0573088
124059,2024,8,850,באר שבע מרכז,שדרות,21,0,0,100.0,0.0573088
124062,2024,8,852,באר שבע מרכז,שדרות,19,0,0,100.0,0.0573088
124063,2024,8,853,שדרות,באר שבע מרכז,21,0,0,100.0,0.0573088
124065,2024,8,855,שדרות,באר שבע מרכז,21,0,0,100.0,0.0573088
124067,2024,8,856,באר שבע מרכז,שדרות,19,0,0,100.0,0.0573088
124070,2024,8,859,שדרות,באר שבע מרכז,21,0,0,100.0,0.0573088
124074,2024,8,863,שדרות,באר שבע מרכז,21,0,0,100.0,0.0573088
124077,2024,8,866,באר שבע מרכז,שדרות,21,0,0,100.0,0.0573088
124079,2024,8,868,באר שבע מרכז,שדרות,21,0,0,100.0,0.0573088
124080,2024,8,869,שדרות,באר שבע מרכז,21,0,0,100.0,0.0573088
124083,2024,8,872,באר שבע מרכז,שדרות,21,0,0,100.0,0.0573088
124084,2024,8,873,שדרות,באר שבע מרכז,21,0,0,100.0,0.0573088
118105,2024,3,6840,באר שבע מרכז,שדרות,1,0,0,100.0,0.0573088
118118,2024,3,6853,שדרות,באר שבע מרכז,1,0,0,100.0,0.0573088
118123,2024,3,6858,באר שבע מרכז,שדרות,1,0,0,100.0,0.0573088
118251,2024,3,7841,שדרות,באר שבע מרכז,1,0,0,100.0,0.0573088
119561,2024,4,7841,שדרות,באר שבע מרכז,4,0,2,100.0,0.0573088
122044,2024,6,6853,שדרות,באר שבע מרכז,4,0,1,100.0,0.0573088
124151,2024,8,1845,שדרות,באר שבע צפון,4,0,0,100.0,0.0573088
128834,2024,12,844,באר שבע מרכז,שדרות,23,0,0,100.0,0.0573088
127091,2024,10,7843,שדרות,באר שבע מרכז,5,0,0,100.0,0.0573088
126670,2024,10,869,שדרות,באר שבע צפון,4,0,0,100.0,0.0573088
127785,2024,11,859,שדרות,באר שבע מרכז,20,0,0,100.0,0.0573088
126674,2024,10,873,שדרות,באר שבע מרכז,22,5,0,77.27,0.0573088
126658,2024,10,858,באר שבע מרכז,שדרות,22,5,0,77.27,0.0573088
126662,2024,10,862,באר שבע מרכז,שדרות,22,5,0,77.27,0.0573088
126666,2024,10,866,באר שבע מרכז,שדרות,22,5,0,77.27,0.0573088
117789,2024,3,866,באר שבע מרכז,שדרות,1,0,9,100.0,0.0573088
117791,2024,3,868,באר שבע מרכז,שדרות,1,0,9,100.0,0.0573088
120303,2024,5,868,באר שבע מרכז,שדרות,22,0,0,100.0,0.0573088
126975,2024,10,6849,שדרות,באר שבע מרכז,6,0,0,100.0,0.0573088
126983,2024,10,6857,שדרות,באר שבע מרכז,5,0,0,100.0,0.0573088
127090,2024,10,7842,באר שבע מרכז,שדרות,5,0,0,100.0,0.0573088
127145,2024,10,8845,שדרות,באר שבע צפון,2,0,0,100.0,0.0573088
124048,2024,8,840,באר שבע מרכז,שדרות,21,0,0,100.0,0.0573088
124052,2024,8,844,באר שבע מרכז,שדרות,21,0,0,100.0,0.0573088
124055,2024,8,847,שדרות,באר שבע מרכז,21,0,0,100.0,0.0573088
124058,2024,8,849,שדרות,באר שבע מרכז,21,1,0,95.24,0.0573088
124060,2024,8,851,שדרות,באר שבע מרכז,21,0,0,100.0,0.0573088
124064,2024,8,854,באר שבע מרכז,שדרות,21,0,0,100.0,0.0573088
124068,2024,8,857,שדרות,באר שבע מרכז,21,0,0,100.0,0.0573088
124069,2024,8,858,באר שבע מרכז,שדרות,21,0,0,100.0,0.0573088
124073,2024,8,862,באר שבע מרכז,שדרות,21,0,0,100.0,0.0573088
124075,2024,8,864,באר שבע מרכז,שדרות,21,0,0,100.0,0.0573088
124076,2024,8,865,שדרות,באר שבע מרכז,21,0,0,100.0,0.0573088
124082,2024,8,871,שדרות,באר שבע מרכז,21,0,0,100.0,0.0573088
124085,2024,8,874,באר שבע מרכז,שדרות,21,0,0,100.0,0.0573088
127780,2024,11,854,באר שבע מרכז,שדרות,20,0,0,100.0,0.0573088
118115,2024,3,6850,באר שבע מרכז,שדרות,1,0,0,100.0,0.0573088
124385,2024,8,6840,באר שבע מרכז,שדרות,5,0,0,100.0,0.0573088
124402,2024,8,6857,שדרות,באר שבע מרכז,5,0,0,100.0,0.0573088
128831,2024,12,841,שדרות,באר שבע מרכז,23,0,0,100.0,0.0573088
122041,2024,6,6850,באר שבע מרכז,שדרות,4,0,1,100.0,0.0573088
122051,2024,6,6860,באר שבע מרכז,שדרות,4,0,1,100.0,0.0573088
125373,2024,9,840,באר שבע מרכז,שדרות,19,0,3,100.0,0.0573088
125374,2024,9,841,שדרות,באר שבע מרכז,19,0,3,100.0,0.0573088
125380,2024,9,847,שדרות,באר שבע מרכז,19,0,3,100.0,0.0573088
125382,2024,9,849,שדרות,באר שבע מרכז,19,0,3,100.0,0.0573088
125383,2024,9,850,באר שבע מרכז,שדרות,19,0,3,100.0,0.0573088
125384,2024,9,851,שדרות,באר שבע מרכז,19,0,3,100.0,0.0573088
125392,2024,9,859,שדרות,באר שבע מרכז,19,0,3,100.0,0.0573088
125396,2024,9,863,שדרות,באר שבע מרכז,19,0,3,100.0,0.0573088
125401,2024,9,868,באר שבע מרכז,שדרות,19,0,3,100.0,0.0573088
125404,2024,9,871,שדרות,באר שבע מרכז,19,0,3,100.0,0.0573088
125407,2024,9,874,באר שבע מרכז,שדרות,19,0,3,100.0,0.0573088
126002,2024,9,7839,שדרות,באר שבע מרכז,0,0,3,,0.0573088
127770,2024,11,844,באר שבע מרכז,שדרות,20,0,0,100.0,0.0573088
127773,2024,11,847,שדרות,באר שבע מרכז,20,0,0,100.0,0.0573088
127794,2024,11,868,באר שבע מרכז,שדרות,20,0,0,100.0,0.0573088
128837,2024,12,847,שדרות,באר שבע מרכז,23,0,0,100.0,0.0573088
117780,2024,3,857,שדרות,באר שבע מרכז,1,0,9,100.0,0.0573088
117781,2024,3,858,באר שבע מרכז,שדרות,1,0,9,100.0,0.0573088
117796,2024,3,873,שדרות,באר שבע מרכז,1,0,9,100.0,0.0573088
118106,2024,3,6841,שדרות,באר שבע מרכז,1,0,0,100.0,0.0573088
118116,2024,3,6851,שדרות,באר שבע מרכז,1,0,0,100.0,0.0573088
118119,2024,3,6854,באר שבע מרכז,שדרות,1,0,0,100.0,0.0573088
118122,2024,3,6857,שדרות,באר שבע מרכז,1,0,0,100.0,0.0573088
120374,2024,5,1845,שדרות,באר שבע צפון,4,0,0,100.0,0.0573088
120815,2024,5,6840,באר שבע מרכז,שדרות,5,0,0,100.0,0.0573088
120820,2024,5,6845,שדרות,באר שבע מרכז,5,0,0,100.0,0.0573088
123259,2024,7,6840,באר שבע מרכז,שדרות,4,0,0,100.0,0.0573088
123279,2024,7,6860,באר שבע מרכז,שדרות,4,0,0,100.0,0.0573088
124152,2024,8,1846,באר שבע מרכז,שדרות,4,0,0,100.0,0.0573088
278,2015,1,602,שדרות,הוד השרון,21,0,0,100.0,0.0573088
279,2015,1,603,הוד השרון,שדרות,21,0,0,100.0,0.0573088
281,2015,1,605,הוד השרון,שדרות,21,0,0,100.0,0.0573088
284,2015,1,608,שדרות,הוד השרון,21,0,0,100.0,0.0573088
290,2015,1,614,שדרות,הוד השרון,21,0,0,100.0,0.0573088
292,2015,1,616,שדרות,הוד השרון,21,0,0,100.0,0.0573088
296,2015,1,620,שדרות,הוד השרון,21,0,0,100.0,0.0573088
298,2015,1,623,הוד השרון,שדרות,21,0,0,100.0,0.0573088
301,2015,1,626,שדרות,הוד השרון,21,0,0,100.0,0.0573088
305,2015,1,632,שדרות,הוד השרון,21,0,0,100.0,0.0573088
306,2015,1,635,הוד השרון,שדרות,21,0,0,100.0,0.0573088
309,2015,1,638,שדרות,הוד השרון,21,0,0,100.0,0.0573088
310,2015,1,641,הוד השרון,שדרות,21,0,0,100.0,0.0573088
313,2015,1,644,שדרות,הוד השרון,21,0,0,100.0,0.0573088
314,2015,1,647,הוד השרון,שדרות,21,0,0,100.0,0.0573088
317,2015,1,650,שדרות,הוד השרון,21,0,0,100.0,0.0573088
318,2015,1,653,הוד השרון,שדרות,21,0,0,100.0,0.0573088
321,2015,1,656,שדרות,הוד השרון,21,0,0,100.0,0.0573088
322,2015,1,657,הוד השרון,שדרות,21,0,0,100.0,0.0573088
324,2015,1,659,הוד השרון,שדרות,21,0,0,100.0,0.0573088
327,2015,1,662,שדרות,הוד השרון,21,0,0,100.0,0.0573088
328,2015,1,663,הוד השרון,שדרות,21,0,0,100.0,0.0573088
333,2015,1,668,שדרות,הוד השרון,21,0,0,100.0,0.0573088
336,2015,1,671,הוד השרון,שדרות,21,0,0,100.0,0.0573088
341,2015,1,676,שדרות,הוד השרון,21,0,0,100.0,0.0573088
120818,2024,5,6843,שדרות,באר שבע מרכז,5,0,0,100.0,0.0573088
123398,2024,7,7841,שדרות,באר שבע מרכז,4,0,0,100.0,0.0573088
123399,2024,7,7842,באר שבע מרכז,שדרות,4,0,0,100.0,0.0573088
123400,2024,7,7843,שדרות,באר שבע מרכז,4,0,0,100.0,0.0573088
120824,2024,5,6849,שדרות,באר שבע מרכז,5,0,0,100.0,0.0573088
8927,2015,11,697,הוד השרון,שדרות,1,0,0,100.0,0.0573088
121706,2024,6,870,באר שבע מרכז,שדרות,21,2,0,90.48,0.0573088
117793,2024,3,870,באר שבע מרכז,שדרות,1,0,9,100.0,0.0573088
118113,2024,3,6848,באר שבע מרכז,שדרות,1,0,0,100.0,0.0573088
119004,2024,4,845,שדרות,באר שבע מרכז,22,4,0,81.82,0.0573088
119033,2024,4,874,באר שבע מרכז,שדרות,22,4,0,81.82,0.0573088
119034,2024,4,875,שדרות,באר שבע מרכז,22,4,0,81.82,0.0573088
119421,2024,4,6848,באר שבע מרכז,שדרות,4,0,2,100.0,0.0573088
120823,2024,5,6848,באר שבע מרכז,שדרות,5,0,0,100.0,0.0573088
122039,2024,6,6848,באר שבע מרכז,שדרות,4,0,1,100.0,0.0573088
123267,2024,7,6848,באר שבע מרכז,שדרות,4,0,0,100.0,0.0573088
124393,2024,8,6848,באר שבע מרכז,שדרות,5,0,0,100.0,0.0573088
125866,2024,9,6848,באר שבע מרכז,שדרות,3,0,1,100.0,0.0573088
126974,2024,10,6848,באר שבע מרכז,שדרות,6,0,0,100.0,0.0573088
128102,2024,11,6848,באר שבע מרכז,שדרות,5,0,0,100.0,0.0573088
119027,2024,4,868,באר שבע מרכז,שדרות,22,4,0,81.82,0.0573088
1647,2015,2,8639,שדרות,נתיבות,0,0,1,,0.0573088
1645,2015,2,8637,שדרות,נתיבות,0,0,1,,0.0573088
1483,2015,2,6623,הוד השרון,שדרות,2,0,0,100.0,0.0573088
126976,2024,10,6850,באר שבע מרכז,שדרות,6,0,0,100.0,0.0573088
126981,2024,10,6855,שדרות,באר שבע מרכז,5,0,0,100.0,0.0573088
127089,2024,10,7841,שדרות,באר שבע מרכז,5,0,0,100.0,0.0573088
127087,2024,10,7839,שדרות,באר שבע מרכז,5,1,1,80.0,0.0573088
128101,2024,11,6847,שדרות,באר שבע מרכז,5,0,0,100.0,0.0573088
132118,2025,2,6847,שדרות,באר שבע מרכז,1,0,0,100.0,0.0573088
125386,2024,9,853,שדרות,באר שבע מרכז,19,0,3,100.0,0.0573088
127769,2024,11,843,שדרות,באר שבע מרכז,20,0,0,100.0,0.0573088
127775,2024,11,849,שדרות,באר שבע מרכז,20,0,0,100.0,0.0573088
127786,2024,11,860,באר שבע מרכז,שדרות,20,0,0,100.0,0.0573088
127789,2024,11,863,שדרות,באר שבע מרכז,20,0,0,100.0,0.0573088
127793,2024,11,867,שדרות,באר שבע מרכז,20,0,0,100.0,0.0573088
125403,2024,9,870,באר שבע מרכז,שדרות,19,0,3,100.0,0.0573088
128097,2024,11,6843,שדרות,באר שבע מרכז,5,0,0,100.0,0.0573088
128836,2024,12,846,באר שבע מרכז,שדרות,23,0,0,100.0,0.0573088
132124,2025,2,6849,שדרות,באר שבע מרכז,1,0,0,100.0,0.0573088
127771,2024,11,845,שדרות,באר שבע מרכז,20,0,0,100.0,0.0573088
127772,2024,11,846,באר שבע מרכז,שדרות,20,0,0,100.0,0.0573088
127776,2024,11,850,באר שבע מרכז,שדרות,20,0,0,100.0,0.0573088
127777,2024,11,851,שדרות,באר שבע מרכז,20,0,0,100.0,0.0573088
127787,2024,11,861,שדרות,באר שבע מרכז,20,0,0,100.0,0.0573088
127791,2024,11,865,שדרות,באר שבע מרכז,20,0,0,100.0,0.0573088
122815,2024,7,841,שדרות,באר שבע מרכז,23,0,0,100.0,0.0573088
122816,2024,7,842,באר שבע מרכז,שדרות,23,1,0,95.65,0.0573088
122818,2024,7,844,באר שבע מרכז,שדרות,23,0,0,100.0,0.0573088
122823,2024,7,848,באר שבע מרכז,שדרות,22,0,0,100.0,0.0573088
122828,2024,7,852,באר שבע מרכז,שדרות,22,1,0,95.45,0.0573088
122834,2024,7,857,שדרות,באר שבע מרכז,23,0,0,100.0,0.0573088
122838,2024,7,861,שדרות,באר שבע מרכז,23,0,0,100.0,0.0573088
122841,2024,7,864,באר שבע מרכז,שדרות,23,0,0,100.0,0.0573088
122851,2024,7,874,באר שבע מרכז,שדרות,23,0,0,100.0,0.0573088
119422,2024,4,6849,שדרות,באר שבע מרכז,4,0,2,100.0,0.0573088
119424,2024,4,6851,שדרות,באר שבע מרכז,4,0,2,100.0,0.0573088
119430,2024,4,6857,שדרות,באר שבע מרכז,4,0,2,100.0,0.0573088
119431,2024,4,6858,באר שבע מרכז,שדרות,4,0,2,100.0,0.0573088
120277,2024,5,842,באר שבע מרכז,שדרות,22,0,0,100.0,0.0573088
120287,2024,5,852,באר שבע מרכז,שדרות,22,0,0,100.0,0.0573088
121688,2024,6,852,באר שבע מרכז,שדרות,21,2,0,90.48,0.0573088
122042,2024,6,6851,שדרות,באר שבע מרכז,4,0,1,100.0,0.0573088
122048,2024,6,6857,שדרות,באר שבע מרכז,4,0,1,100.0,0.0573088
125398,2024,9,865,שדרות,באר שבע מרכז,19,0,3,100.0,0.0573088
125378,2024,9,845,שדרות,באר שבע מרכז,19,0,3,100.0,0.0573088
125390,2024,9,857,שדרות,באר שבע מרכז,19,0,3,100.0,0.0573088
125379,2024,9,846,באר שבע מרכז,שדרות,19,0,3,100.0,0.0573088
125400,2024,9,867,שדרות,באר שבע מרכז,19,0,3,100.0,0.0573088
124516,2024,8,7843,שדרות,באר שבע מרכז,5,0,0,100.0,0.0573088
124515,2024,8,7842,באר שבע מרכז,שדרות,5,0,0,100.0,0.0573088
122161,2024,6,7842,באר שבע מרכז,שדרות,5,0,1,100.0,0.0573088
126735,2024,10,1845,שדרות,באר שבע צפון,3,0,0,100.0,0.0573088
125477,2024,9,1845,שדרות,באר שבע צפון,4,0,1,100.0,0.0573088
125395,2024,9,862,באר שבע מרכז,שדרות,19,0,3,100.0,0.0573088
125408,2024,9,875,שדרות,באר שבע מרכז,19,0,3,100.0,0.0573088
126971,2024,10,6845,שדרות,באר שבע מרכז,6,0,0,100.0,0.0573088
126979,2024,10,6853,שדרות,באר שבע מרכז,6,0,0,100.0,0.0573088
125858,2024,9,6840,באר שבע מרכז,שדרות,3,0,1,100.0,0.0573088
125863,2024,9,6845,שדרות,באר שבע מרכז,3,0,1,100.0,0.0573088
126641,2024,10,841,שדרות,באר שבע מרכז,22,5,0,77.27,0.0573088
126642,2024,10,842,באר שבע מרכז,שדרות,22,5,0,77.27,0.0573088
126643,2024,10,843,שדרות,באר שבע מרכז,22,5,0,77.27,0.0573088
126644,2024,10,844,באר שבע מרכז,שדרות,22,5,0,77.27,0.0573088
126645,2024,10,845,שדרות,באר שבע מרכז,22,5,0,77.27,0.0573088
126646,2024,10,846,באר שבע מרכז,שדרות,22,5,0,77.27,0.0573088
126651,2024,10,851,שדרות,באר שבע מרכז,22,5,0,77.27,0.0573088
126653,2024,10,853,שדרות,באר שבע מרכז,22,5,0,77.27,0.0573088
126654,2024,10,854,באר שבע מרכז,שדרות,22,5,0,77.27,0.0573088
126656,2024,10,856,באר שבע מרכז,שדרות,22,6,0,72.73,0.0573088
126665,2024,10,865,שדרות,באר שבע מרכז,22,5,0,77.27,0.0573088
126671,2024,10,870,באר שבע מרכז,שדרות,22,6,0,72.73,0.0573088
126672,2024,10,871,שדרות,באר שבע מרכז,22,6,0,72.73,0.0573088
